{
  "name": "shylocks task gallery",
  "description": "https://github.com/shylocks/Loon",
  "task": [
    {
      "config": "1 8,9 14-31/1 1 * https://raw.githubusercontent.com/shylocks/Loon/main/jd_bj.js, tag=宝洁美发屋, img-url=https://raw.githubusercontent.com/yogayyy/Scripts/master/Icon/shylocks/jd_bj.jpg, enabled=true"
    },
    {
      "config": "0 0 * * * https://raw.githubusercontent.com/shylocks/Loon/main/jd_coupon.js, tag=源头好物红包, img-url=https://raw.githubusercontent.com/yogayyy/Scripts/master/Icon/shylocks/jd_coupon.jpg, enabled=true"
    },
    {
      "config": "15 0 * * * https://raw.githubusercontent.com/shylocks/Loon/main/jd_festival.js, tag=京东手机年终奖, img-url=https://raw.githubusercontent.com/yogayyy/Scripts/master/Icon/shylocks/jd_festival2.jpg, enabled=true"
    },
    {
      "config": "20 * * * * https://raw.githubusercontent.com/shylocks/Loon/main/jd_gyec.js, tag=工业品爱消除, img-url=https://raw.githubusercontent.com/yogayyy/Scripts/master/Icon/shylocks/jd_gyec.jpg, enabled=true"
    },
    {
      "config": "30,31 20-23/1 25 1 * https://raw.githubusercontent.com/shylocks/Loon/main/jd_live_redrain.js, tag=超级直播间红包雨, img-url=https://raw.githubusercontent.com/yogayyy/Scripts/master/Icon/shylocks/jd_live_redrain2.jpg, enabled=true"
    },
    {
      "config": "0,1 19-21/1 * * * https://raw.githubusercontent.com/shylocks/Loon/main/jd_live_redrain2.js, tag=直播间红包雨, img-url=https://raw.githubusercontent.com/yogayyy/Scripts/master/Icon/shylocks/jd_live_redrain.jpg, enabled=true"
    },
    {
      "config": "30,31 12-23/1 * * * https://raw.githubusercontent.com/shylocks/Loon/main/jd_live_redrain_half.js, tag=半点红包雨, img-url=https://raw.githubusercontent.com/yogayyy/Scripts/master/Icon/shylocks/jd_live_redrain_half.jpg, enabled=true"
    },
    {
      "config": "30,31 12-23/1 * * * https://raw.githubusercontent.com/shylocks/Loon/main/jd_live_redrain_half.js, tag=半点红包雨, img-url=https://raw.githubusercontent.com/yogayyy/Scripts/master/Icon/shylocks/jd_live_redrain_half.jpg, enabled=true"
    },
    {
      "config": "0 0,9,11,13,15,17,19,20,21,23 3,5,20-30/1 1,2 * https://raw.githubusercontent.com/shylocks/Loon/main/jd_live_redrain_nian.js, tag=年货直播红包雨, img-url=https://raw.githubusercontent.com/yogayyy/Scripts/master/Icon/shylocks/jd_live_redrain_nian.jpg, enabled=true"
    },
    {
      "config": "0 0,9,11,13,15,17,19,20,21,22,23 * * * https://raw.githubusercontent.com/shylocks/Loon/main/jd_live_redrain_offical.js, tag=官方号直播红包雨, img-url=https://raw.githubusercontent.com/yogayyy/Scripts/master/Icon/shylocks/jd_live_redrain_offical.jpg, enabled=true"
    },
    {
      "config": "1 7 * * * https://raw.githubusercontent.com/shylocks/Loon/main/jd_mh.js, tag=盲盒抽京豆, img-url=https://raw.githubusercontent.com/yogayyy/Scripts/master/Icon/shylocks/jd_mh.jpg, enabled=true"
    },
    {
      "config": "10 7 * * * https://raw.githubusercontent.com/shylocks/Loon/main/jd_ms.js, tag=京东秒秒币, img-url=https://raw.githubusercontent.com/yogayyy/Scripts/master/Icon/shylocks/jd_ms.jpg, enabled=true"
    },
    {
      "config": "40 21 25 1 * https://raw.githubusercontent.com/shylocks/Loon/main/jd_super.js, tag=超级直播间任务赢京豆, img-url=https://raw.githubusercontent.com/Orz-3/task/master/jd.png, enabled=true"
    },
    {
      "config": "10 7 * * * https://raw.githubusercontent.com/shylocks/Loon/main/jd_sx.js, tag=海产新年抽奖, img-url=https://raw.githubusercontent.com/yogayyy/Scripts/master/Icon/shylocks/jd_wechat_sign.jpg, enabled=true"
    },
    {
      "config": "5 0 19,20 1 * https://raw.githubusercontent.com/shylocks/Loon/main/jd_vote.js, tag=京年团圆pick, img-url=https://raw.githubusercontent.com/yogayyy/Scripts/master/Icon/shylocks/jd_wechat_sign.jpg, enabled=true"
    },
    {
      "config": "10 0 * * * https://raw.githubusercontent.com/shylocks/Loon/main/jd_wechat_sign.js, tag=京东粉丝专享, img-url=https://raw.githubusercontent.com/yogayyy/Scripts/master/Icon/shylocks/jd_wechat_sign.jpg, enabled=true",
      "addons": "https://raw.githubusercontent.com/shylocks/Loon/main/quantumultx/jd_wechat_sign.qxrewrite, tag=jd_wechat_sign_COOKIE"
    },
    {
      "config": "5 7 * * * https://raw.githubusercontent.com/shylocks/Loon/main/jd_xg.js, tag=小鸽有礼, img-url=https://raw.githubusercontent.com/yogayyy/Scripts/master/Icon/shylocks/jd_xg.jpg, enabled=true"
    },
    {
      "config": "0 * * * * https://raw.githubusercontent.com/shylocks/Loon/main/jd_xxl.js, tag=东东爱消除, img-url=https://raw.githubusercontent.com/yogayyy/Scripts/master/Icon/shylocks/jd_xxl.jpg, enabled=true"
    },
    {
      "config": "40 * * * * https://raw.githubusercontent.com/shylocks/Loon/main/jd_xxl_gh.js, tag=个护爱消除, img-url=https://raw.githubusercontent.com/yogayyy/Scripts/master/Icon/shylocks/jd_xxl_gh.png, enabled=true"
    },
  ]
}
